No,Title,VideoUrl,TimeStamp,Sentence,RowNumber,IsUsefulSentence,Key steps,Verb,Object(directly related with Verb),Location,Time,Temperature,Other important phrase(like with….,
1,pizza marghetta,https://www.youtube.com/watch?v=FHvZgt3ExDI,00:01.5,"and i 'm with chef great stillman at repor restaurant in rancho cucamonga, and he 's going to make up a discourse today.",1,0,,,,,,,,
2,pizza marghetta,https://www.youtube.com/watch?v=FHvZgt3ExDI,00:07.3,what are we going to have?,2,0,,,,,,,,
3,pizza marghetta,https://www.youtube.com/watch?v=FHvZgt3ExDI,00:08.2,"we 're going to have a traditional margherita pizza as done in naples italy, and we 're going to make it right here in our eight hundred degree oven.",3,0,,,,,,,,
4,pizza marghetta,https://www.youtube.com/watch?v=FHvZgt3ExDI,00:15.9,so this is the dough.,4,0,,,,,,,,
5,pizza marghetta,https://www.youtube.com/watch?v=FHvZgt3ExDI,00:17.4,"it ferments overnight darts off as an eight ounce ball, and you can tell.",5,0,,,,,,,,
6,pizza marghetta,https://www.youtube.com/watch?v=FHvZgt3ExDI,00:21.6,"it 's very loose in texture, and, that is.",6,0,,,,,,,,
7,pizza marghetta,https://www.youtube.com/watch?v=FHvZgt3ExDI,00:24.6,because the gluten has had a long time to relax in the refrigerator overnight and develop the nice bubbles that we 're going to see on the edge of the crust and then the tomatoes are a spanish can tomato very similar to a san marzano.,7,0,,,,,,,,
8,pizza marghetta,https://www.youtube.com/watch?v=FHvZgt3ExDI,00:40.5,"but not quite as sweet, i like it to have a little bit more acid than the san marzano, and then we have a handmade mozzarella cheese that 's made in los angelus to make it daily.",8,0,,,,,,,,
9,pizza marghetta,https://www.youtube.com/watch?v=FHvZgt3ExDI,00:54.9,and then extra virgin olive oil.,9,0,,,,,,,,
10,pizza marghetta,https://www.youtube.com/watch?v=FHvZgt3ExDI,00:58.5,so we 've placed the dough directly into the caputo flower that we import from italy.,10,1,place dough in caputo flower,place,"dough,",caputo flower,,,,
11,pizza marghetta,https://www.youtube.com/watch?v=FHvZgt3ExDI,01:03.6,it 's the same flower that we make the dough with.,11,0,,,,,,,,
12,pizza marghetta,https://www.youtube.com/watch?v=FHvZgt3ExDI,01:05.9,"and then we give it a flip as i 've read in some, some manuals for italian pizza that are neapolitan style.",12,1,give it a flip,flip,dough,,,,,
13,pizza marghetta,https://www.youtube.com/watch?v=FHvZgt3ExDI,01:16.1,they say this is something you have to do.,13,0,,,,,,,,
14,pizza marghetta,https://www.youtube.com/watch?v=FHvZgt3ExDI,01:18.2,in order for it to be traditional you have to actually dip it in the flower.,14,0,,,,,,,,
15,pizza marghetta,https://www.youtube.com/watch?v=FHvZgt3ExDI,01:21.6,although i 'm not quite sure.,15,0,,,,,,,,
16,pizza marghetta,https://www.youtube.com/watch?v=FHvZgt3ExDI,01:23.6,"but that 's what we do anyway, we sprinkle the surface and then real quick.",16,1,sprinkle the surface,sprinkle,flower,table surface,,,,
17,pizza marghetta,https://www.youtube.com/watch?v=FHvZgt3ExDI,01:29.6,we just give a squish with our palm and make it flat in the center.,17,1,"squish dough with palm, flatten center","squish, flatten","dough,center of dough",,,,palm,
18,pizza marghetta,https://www.youtube.com/watch?v=FHvZgt3ExDI,01:34.6,not really disturbing the outside edge and then with our fingertips.,18,0,,,,,,,,
19,pizza marghetta,https://www.youtube.com/watch?v=FHvZgt3ExDI,01:38.0,"we dimple the rest of the pizza, moving the pizza around definitely handmade, definitely handmade, not trying your best not to disturb the edge 'cause that 's where you 're going to get a lot of natural bubbles from the fermentation.",19,1,"dimple the rest, move the pizza around","dimple, move",pizza,,,,,
20,pizza marghetta,https://www.youtube.com/watch?v=FHvZgt3ExDI,01:54.5,"once you 've dimpled, you 're going to do a quick stretch, while you 're rotating.",20,1,stretch while rotating,"stretch, rotating",dough,,,,,
21,pizza marghetta,https://www.youtube.com/watch?v=FHvZgt3ExDI,02:01.7,"you 're stretching the just the edge of the dough out and you 're trying your best not to disturb the center, the center generally stretches out on its own.",21,0,,,,,,,,
22,pizza marghetta,https://www.youtube.com/watch?v=FHvZgt3ExDI,02:12.9,you wo n't have to worry too much about it.,22,0,,,,,,,,
23,pizza marghetta,https://www.youtube.com/watch?v=FHvZgt3ExDI,02:14.3,"you really just stretching the edge, and you can see with not to much fanfare.",23,0,,,,,,,,
24,pizza marghetta,https://www.youtube.com/watch?v=FHvZgt3ExDI,02:18.7,we 've established a good diameter without too much.,24,0,,,,,,,,
25,pizza marghetta,https://www.youtube.com/watch?v=FHvZgt3ExDI,02:23.1,"pull back, you actually see almost not.",25,0,,,,,,,,
26,pizza marghetta,https://www.youtube.com/watch?v=FHvZgt3ExDI,02:25.8,"and then we 're going to put it, pick it up and put it on the backs of our hands and just let it kind of hang down on the backs of our knuckles.",26,1,pick up dough and let it hang on backs of knuckles,"pick up, let hang",dough,backs of knuckles,,,knuckles,
27,pizza marghetta,https://www.youtube.com/watch?v=FHvZgt3ExDI,02:37.1,and then the diameter is even greater and we 've really not work too hard to get it that way and water in the dough in the dough is strictly.,27,0,,,,,,,,
28,pizza marghetta,https://www.youtube.com/watch?v=FHvZgt3ExDI,02:50.9,it 's the red bag.,28,0,,,,,,,,
29,pizza marghetta,https://www.youtube.com/watch?v=FHvZgt3ExDI,02:52.1,"if you want to look for it on amazon, and it has a particular content of ash and gluten protein that we prefer, and it is a double zero ground flour and salt water and instant yeast.",29,0,,,,,,,,
30,pizza marghetta,https://www.youtube.com/watch?v=FHvZgt3ExDI,03:10.3,"not active, dry, but instant and will give you the recipe for that later so after you stretch it.",30,0,,,,,,,,
31,pizza marghetta,https://www.youtube.com/watch?v=FHvZgt3ExDI,03:16.0,"this is basically the size, you do n't have to throw it or anything.",31,0,,,,,,,,
32,pizza marghetta,https://www.youtube.com/watch?v=FHvZgt3ExDI,03:19.1,just put it right onto our pizza peel that we 're going to use to get into our oven and then we 're going to put some sauce on it.,32,1,"put it onto pizza peel, put sauce on it",put onto,"dough, sauce",pizza peel,,,,
33,pizza marghetta,https://www.youtube.com/watch?v=FHvZgt3ExDI,03:28.6,this is our antonina tomatoes and the only thing that we do to this canned tomato is put a little bit of salt in it and elevate the salt level.,33,0,,,,,,,,
34,pizza marghetta,https://www.youtube.com/watch?v=FHvZgt3ExDI,0:03:38,and that 's it.,34,0,,,,,,,,
35,pizza marghetta,https://www.youtube.com/watch?v=FHvZgt3ExDI,03:38.6,we puree it with salt and that is it 's about two.,35,0,,,,,,,,
36,pizza marghetta,https://www.youtube.com/watch?v=FHvZgt3ExDI,03:43.2,"do you want a quarter to two and a half ounces of sauce, and i 'm going to put the cheese on.",36,1,put,put,cheese,,,,,
37,pizza marghetta,https://www.youtube.com/watch?v=FHvZgt3ExDI,03:48.8,"next and probably you guys will wonder why there 's not that much cheese on there and if you 've ever been, italy, you 'll know that they just do n't put a lot of cheese on their neapolitan style pizzas got this recipe from restaurants that i worked in i 'm not sure if you 've been to downtown disney.",37,0,,,,,,,,
38,pizza marghetta,https://www.youtube.com/watch?v=FHvZgt3ExDI,04:08.2,"but there 's, there 's a?",38,0,,,,,,,,
39,pizza marghetta,https://www.youtube.com/watch?v=FHvZgt3ExDI,04:11.8,"yeah , there 's a place called naples.",39,0,,,,,,,,
40,pizza marghetta,https://www.youtube.com/watch?v=FHvZgt3ExDI,04:14.5,"and they crank out about five hundred to six hundred pieces of day, and i used to run that place.",40,0,,,,,,,,
41,pizza marghetta,https://www.youtube.com/watch?v=FHvZgt3ExDI,04:19.2,"so it 's just a haphazard, scattering that 's it.",41,0,,,,,,,,
42,pizza marghetta,https://www.youtube.com/watch?v=FHvZgt3ExDI,04:23.1,"that 's the only amount of cheese we 're going to put on there, and that she 's going to melt down real fast in the oven, and kind of spread out just a little bit.",42,0,,,,,,,,
43,pizza marghetta,https://www.youtube.com/watch?v=FHvZgt3ExDI,04:29.4,but not much it 's not an american style pizza where the whole thing is covered with cheese you taste more of the acid of the tomato and the extra virgin.,43,0,,,,,,,,
44,pizza marghetta,https://www.youtube.com/watch?v=FHvZgt3ExDI,04:38.9,"olive oil actors come out of the oven, and we put on here.",44,1,put on fresh basil,put on,fresh basil,,,,,
45,pizza marghetta,https://www.youtube.com/watch?v=FHvZgt3ExDI,04:41.9,is a little bit of basil fresh?,45,0,,,,,,,,
46,pizza marghetta,https://www.youtube.com/watch?v=FHvZgt3ExDI,04:47.2,but can i bring him up.,46,0,,,,,,,,
47,pizza marghetta,https://www.youtube.com/watch?v=FHvZgt3ExDI,04:50.2,"you can leave in the whole, it does n't really matter the surprisingly.",47,0,,,,,,,,
48,pizza marghetta,https://www.youtube.com/watch?v=FHvZgt3ExDI,04:54.1,they just get a little bit charred.,48,0,,,,,,,,
49,pizza marghetta,https://www.youtube.com/watch?v=FHvZgt3ExDI,04:56.9,but not much as sometimes they even retain all their green color after they come out of the oven.,49,0,,,,,,,,
50,pizza marghetta,https://www.youtube.com/watch?v=FHvZgt3ExDI,05:01.6,so that 's all we do to the pizza and then we go into the oven just going to place it directly on the stone and give it a shake.,50,1,"place pizza in oven, give it a shake","place, shake","pizza, oven",stone of oven,two minutes,,,
51,pizza marghetta,https://www.youtube.com/watch?v=FHvZgt3ExDI,05:12.8,an off it goes.,51,0,,,,,,,,
52,pizza marghetta,https://www.youtube.com/watch?v=FHvZgt3ExDI,05:15.2,"how was your last day there, generally it is going to stay in there about two minutes?",52,0,,,,,,,,
53,pizza marghetta,https://www.youtube.com/watch?v=FHvZgt3ExDI,05:20.3,"and the higher, the temperature, the oven the faster.",53,0,,,,,,,,
54,pizza marghetta,https://www.youtube.com/watch?v=FHvZgt3ExDI,05:22.8,it will bake obviously and you 'll start to see immediately.,54,0,,,,,,,,
55,pizza marghetta,https://www.youtube.com/watch?v=FHvZgt3ExDI,05:25.5,the crust will start to give rise and the cheese will start to kind of sweat a little bit.,55,0,,,,,,,,
56,pizza marghetta,https://www.youtube.com/watch?v=FHvZgt3ExDI,05:32.3,"the sauce will start to boil, and you 'll get some characteristic charring on the backside of the pizza that 's closest to the fire and.",56,0,,,,,,,,
57,pizza marghetta,https://www.youtube.com/watch?v=FHvZgt3ExDI,05:40.4,"so will have to rotate it every thirty to forty five seconds, your home oven will take you about ten minutes.",57,1,rotate pizza every 30-45 seconds,rotate,pizza,,30-45 seconds,,,
58,pizza marghetta,https://www.youtube.com/watch?v=FHvZgt3ExDI,05:48.3,at the very bottom that 's where you want to have your pizza stone so it 's directly in contact with your heating element of your stove.,58,0,,,,,,,,
59,pizza marghetta,https://www.youtube.com/watch?v=FHvZgt3ExDI,05:57.0,would you have back there?,59,0,,,,,,,,
60,pizza marghetta,https://www.youtube.com/watch?v=FHvZgt3ExDI,05:58.0,"it 's not for smoking, flavor or anything like that.",60,0,,,,,,,,
61,pizza marghetta,https://www.youtube.com/watch?v=FHvZgt3ExDI,06:00.9,"it 's just neutral, very neutral and clean burning wood, so this is white oak.",61,0,,,,,,,,
62,pizza marghetta,https://www.youtube.com/watch?v=FHvZgt3ExDI,06:08.7,bubbling up nice beautiful there.,62,0,,,,,,,,
63,pizza marghetta,https://www.youtube.com/watch?v=FHvZgt3ExDI,06:15.8,the cheese you can see.,63,0,,,,,,,,
64,pizza marghetta,https://www.youtube.com/watch?v=FHvZgt3ExDI,06:16.7,"it 's a little bit more resistant, then the dell and you 're looking to put a little just starting to karma, lies the top of the cheese getting a little bit brown.",64,0,,,,,,,,
65,pizza marghetta,https://www.youtube.com/watch?v=FHvZgt3ExDI,06:28.6,that 's when i like it to be done.,65,0,,,,,,,,
66,pizza marghetta,https://www.youtube.com/watch?v=FHvZgt3ExDI,06:36.8,"and , that is a good pizza.",66,0,,,,,,,,
67,pizza marghetta,https://www.youtube.com/watch?v=FHvZgt3ExDI,06:38.8,we 're going to put a little bit of extra virgin olive oil directly on.,67,1,put extra vigrin olive oil on,put on,extra virgin olive oil,,,,,
68,pizza marghetta,https://www.youtube.com/watch?v=FHvZgt3ExDI,06:46.9,"yeah , over the whole pizza and then in america we cut it, but i 'm told in, uh, in italy you cut it yourself.",68,1,cut the pizza,cut,pizza,,,,,
69,pizza marghetta,https://www.youtube.com/watch?v=FHvZgt3ExDI,06:57.7,and here is how we serve a traditional neapolitan pizza from report restaurant in rancho cucamonga.,69,0,,,,,,,,
70,pizza marghetta,https://www.youtube.com/watch?v=FHvZgt3ExDI,07:11.7,all that sauce is amazing.,70,0,,,,,,,,
71,pizza marghetta,https://www.youtube.com/watch?v=FHvZgt3ExDI,07:13.7,it 's all about the sauce.,71,0,,,,,,,,
72,pizza marghetta,https://www.youtube.com/watch?v=FHvZgt3ExDI,07:15.3,"yeah , fresh mozzarella, mozzarella little bit of basil, simple but elegant, gotta, come try this.",72,0,,,,,,,,
73,pizza marghetta,https://www.youtube.com/watch?v=vmTP3k22f0I,00:07.7,"welcome to collinwood, elam, i'ma grassy.",0,0,,,,,,,,
74,pizza marghetta,https://www.youtube.com/watch?v=vmTP3k22f0I,00:09.9,and we 're going to make together pizza margarita today.,1,0,,,,,,,,
75,pizza marghetta,https://www.youtube.com/watch?v=vmTP3k22f0I,00:13.6,this pizza was invented in eighteen hundred.,2,0,,,,,,,,
76,pizza marghetta,https://www.youtube.com/watch?v=vmTP3k22f0I,00:15.9,"eighty nine in naples by rafael as positive pizza maker in owner of queen regina, margherita during visit to naples, this pizza is the color of the italian flag green, white, and red to prepare six pizzas margarita we need two pounds flour, one hour.",3,0,,,,,,,,
77,pizza marghetta,https://www.youtube.com/watch?v=vmTP3k22f0I,00:35.4,"so fresh yeast two cups fresh water and one teaspoon of salt and to garnish our pizzas, we need the six tablespoons extra virgin olive oil one pound of fresh mozzarella cheese few basil, live one pound or can tomato or tomato pulp and a pinch of salt.",4,0,,,,,,,,
78,pizza marghetta,https://www.youtube.com/watch?v=vmTP3k22f0I,00:53.3,"first of all way to need our peace, and also we need the flower place of our bench we had the east salt and water and we need is important, not to mix directly salt and is we have water people to water.",5,0,,,,,,,,
79,pizza marghetta,https://www.youtube.com/watch?v=vmTP3k22f0I,01:09.6,"cause , we do n't know exactly how much water.",6,0,,,,,,,,
80,pizza marghetta,https://www.youtube.com/watch?v=vmTP3k22f0I,01:12.3,the flowers gone hours hope.,7,0,,,,,,,,
81,pizza marghetta,https://www.youtube.com/watch?v=vmTP3k22f0I,01:14.2,"and we start to knead, so we need about though for this fifteen twenty minutes until we have a very nice texture.",8,1,knead the dough for 15-20 minutes,knead,dough,,15-20 minutes,,,
82,pizza marghetta,https://www.youtube.com/watch?v=vmTP3k22f0I,01:23.2,and where is moved dope connected using a kitchenette.,9,0,,,,,,,,
83,pizza marghetta,https://www.youtube.com/watch?v=vmTP3k22f0I,01:27.9,"of course when you finish to need the door is not sticky anymore, as a nice texture.",10,0,,,,,,,,
84,pizza marghetta,https://www.youtube.com/watch?v=vmTP3k22f0I,01:39.1,"if it 's too thick, you can add a little water.",11,0,,,,,,,,
85,pizza marghetta,https://www.youtube.com/watch?v=vmTP3k22f0I,01:41.6,"if it 's two softap just add some flour, you place on a bench.",12,0,,,,,,,,
86,pizza marghetta,https://www.youtube.com/watch?v=vmTP3k22f0I,01:45.4,"you make a nice bowl with cover, the door to avoid crusting an you let it rise at room temperature for three four hour.",13,1,make bowl with cover,make,bowl,,,,cover,
87,pizza marghetta,https://www.youtube.com/watch?v=vmTP3k22f0I,01:55.2,or you can place in a warm place for one hour.,14,0,,,,,,,,
88,pizza marghetta,https://www.youtube.com/watch?v=vmTP3k22f0I,01:58.6,"one sourdough, as almost double is volume we make six small balls.",15,1,make six small balls,make,six small balls,,,,,
89,pizza marghetta,https://www.youtube.com/watch?v=vmTP3k22f0I,02:05.8,each peaceable should be around nine ounces.,16,0,,,,,,,,
90,pizza marghetta,https://www.youtube.com/watch?v=vmTP3k22f0I,02:09.4,so we make nice round shape now.,17,1,make a round shape,make,round shape,,,,,
91,pizza marghetta,https://www.youtube.com/watch?v=vmTP3k22f0I,02:12.1,"we cover again with film to avoid the door crafting an we elect, leave at room times or for a couple of hour or if you like you can place in a warm place for forty five minutes around pizza dough is ready.",18,1,cover with film,cover,film,,,,,
92,pizza marghetta,https://www.youtube.com/watch?v=vmTP3k22f0I,02:25.5,now we can seize and a tomato.,19,0,,,,,,,,
93,pizza marghetta,https://www.youtube.com/watch?v=vmTP3k22f0I,02:28.3,so pinch of salt little olive oil we start giving a shape to our pizza we flower one piece of gold.,20,0,,,,,,,,
94,pizza marghetta,https://www.youtube.com/watch?v=vmTP3k22f0I,02:40.1,and we start making flat with our hands.,21,1,make the dough flat,make flat,dough,,,,hands,
95,pizza marghetta,https://www.youtube.com/watch?v=vmTP3k22f0I,02:45.5,we try to obtain a regular round shape of around fourteen inches.,22,0,,,,,,,,
96,pizza marghetta,https://www.youtube.com/watch?v=vmTP3k22f0I,02:54.2,now we had a tomato and we spread all over our pizza dough.,23,1,spread tomato over pizza dough,spread,"tomato,", pizza dough,,,,
97,pizza marghetta,https://www.youtube.com/watch?v=vmTP3k22f0I,03:00.5,we had the mozzarella cheese shredded little basil pizza is ready to be back.,24,1,"add mozzarella cheese, shredded basil",add,"mozzarella cheese, shredded basil",,,,,
98,pizza marghetta,https://www.youtube.com/watch?v=vmTP3k22f0I,03:12.3,now we should make pizza at around seven hundred fifty degrees.,25,1,bake pizza in oven,bake,pizza,oven floor,90 seconds,750 fahrenheit,,
99,pizza marghetta,https://www.youtube.com/watch?v=vmTP3k22f0I,03:26.7,fahrenheit for around ninety seconds sliding pizza directly on the oven floor at home we can bake at four hundred degrees.,26,0,,,,,,,,
100,pizza marghetta,https://www.youtube.com/watch?v=vmTP3k22f0I,03:34.9,"fahrenheit four five, seven finish our pizza with basil and fresh olive oil.",27,1,finish with basil and fresh olive oil,finish,"basil, olive oil",,,,,
101,pizza marghetta,https://www.youtube.com/watch?v=vmTP3k22f0I,03:46.3,i hope you enjoy this pizza.,28,0,,,,,,,,
102,pizza marghetta,https://www.youtube.com/watch?v=vmTP3k22f0I,03:48.0,"margherita , one of the most famous italian pizzas and got up at eight AM.",29,0,,,,,,,,
103,pizza marghetta,https://www.youtube.com/watch?v=5ZWUiD2OL04,00:10.2,"hi , i 'm john ganley from cosmos would like to welcome you to our restaurant.",0,0,,,,,,,,
104,pizza marghetta,https://www.youtube.com/watch?v=5ZWUiD2OL04,00:15.5,cosmos has been in sarasota for over fifteen years.,1,0,,,,,,,,
105,pizza marghetta,https://www.youtube.com/watch?v=5ZWUiD2OL04,00:18.7,"we are now in our new home, which is at the corner of clark, and an array by deer.",2,0,,,,,,,,
106,pizza marghetta,https://www.youtube.com/watch?v=5ZWUiD2OL04,00:23.6,I seventy five and we 've always specialized in italian comfort food.,3,0,,,,,,,,
107,pizza marghetta,https://www.youtube.com/watch?v=5ZWUiD2OL04,00:28.4,"a lot of people notice for wood, fire brick oven pizzas, we also prepare signature clusters, specialty salads, and a whole lot of other different entrees.",4,0,,,,,,,,
108,pizza marghetta,https://www.youtube.com/watch?v=5ZWUiD2OL04,00:40.3,true sivley italian.,5,0,,,,,,,,
109,pizza marghetta,https://www.youtube.com/watch?v=5ZWUiD2OL04,00:41.3,we do have some multicultural twist or cuisine.,6,0,,,,,,,,
110,pizza marghetta,https://www.youtube.com/watch?v=5ZWUiD2OL04,00:45.0,we have a few asian influences.,7,0,,,,,,,,
111,pizza marghetta,https://www.youtube.com/watch?v=5ZWUiD2OL04,00:47.1,they have a few american influences as well.,8,0,,,,,,,,
112,pizza marghetta,https://www.youtube.com/watch?v=5ZWUiD2OL04,00:50.1,"in addition to our regular menu, we have a very extensive gluten free menu over fifty items that are gluten-free free pizza with free pasta.",9,0,,,,,,,,
113,pizza marghetta,https://www.youtube.com/watch?v=5ZWUiD2OL04,01:00.3,many gluten free salads and some gluten free on trees.,10,0,,,,,,,,
114,pizza marghetta,https://www.youtube.com/watch?v=5ZWUiD2OL04,01:04.5,we 've been members of the original since two thousand three.,11,0,,,,,,,,
115,pizza marghetta,https://www.youtube.com/watch?v=5ZWUiD2OL04,01:07.5,i think it was one of the charter members and so many things that i like about being a member of the originals.,12,0,,,,,,,,
116,pizza marghetta,https://www.youtube.com/watch?v=5ZWUiD2OL04,01:12.9,i enjoy the teamwork that original members are not in competition with each other and i like the fact that we share resources.,13,0,,,,,,,,
117,pizza marghetta,https://www.youtube.com/watch?v=5ZWUiD2OL04,01:22.5,hey welcome to the kitchen at cosmos.,14,0,,,,,,,,
118,pizza marghetta,https://www.youtube.com/watch?v=5ZWUiD2OL04,01:25.7,"today , chef alfredo is going to be making a couple of our famous wood fire brick oven pizzas going to start off with a margarita pizza and after that we 're going to make a quattro, formaggio, or four cheese.",15,0,,,,,,,,
119,pizza marghetta,https://www.youtube.com/watch?v=5ZWUiD2OL04,01:38.2,"OK , well, to make the margarita pizza we 're going to start off with by stretching the dough and we do make gardell everyday fresh in our kitchen after that we 're going to add some shredded mozzarella cheese.",16,1,"stretch the dough, add shredded mozzarella cheese","stretch, add","dough, shredded mozzarella cheese",,,,,
120,pizza marghetta,https://www.youtube.com/watch?v=5ZWUiD2OL04,01:55.3,"then our version of a margarita pizza has four dollops of tomato sauce, along with some fresh, chopped tomato, then it goes into the wood burning oven, they certainly, we 've been cooking with for fifteen years.",17,1, goes into the wood burning oven,goes into,chopped tomato and tomato sauce,wood burning oven,,700-800 degrees,,
121,pizza marghetta,https://www.youtube.com/watch?v=5ZWUiD2OL04,02:13.3,now it burns it about seven or eight hundred degrees for the pizza cooks very quickly.,18,0,,,,,,,,
122,pizza marghetta,https://www.youtube.com/watch?v=5ZWUiD2OL04,02:19.0,the end result is when you cook at that high of a temperature that you wanted with their very crisp crust.,19,0,,,,,,,,
123,pizza marghetta,https://www.youtube.com/watch?v=5ZWUiD2OL04,02:24.8,"after the margarita pizza comes out of the oven, we finish it with some fresh, grated parmesan cheese.",20,1,"finish with more cheese, fresh basil",finish with,"fresh, grated parmesan cheese, basil",,,,,
124,pizza marghetta,https://www.youtube.com/watch?v=5ZWUiD2OL04,02:31.1,some fresh basil and around the edge of the pizza on the crust.,21,1,put olive oil around crust,put,"extra virgin olive oil, ",around the edge of pizza,,,,
125,pizza marghetta,https://www.youtube.com/watch?v=5ZWUiD2OL04,02:36.6,"we put extra virgin, olive oil and that is, cosmos famous margarita pizza.",22,0,,,,,,,,
126,pizza marghetta,https://www.youtube.com/watch?v=5ZWUiD2OL04,02:42.6,"OK , now we 're going to make our quattro, formaggio pizza which means four cheeses.",23,0,,,,,,,,
127,pizza marghetta,https://www.youtube.com/watch?v=5ZWUiD2OL04,02:49.1,"this is a white pizza meaning no sauce, the four cheeses that go on to this pizza, or mozzarella, fontina cheese which is a slightly nutty flavor, crumbled gorgonzola cheese.",24,0,,,,,,,,
128,pizza marghetta,https://www.youtube.com/watch?v=5ZWUiD2OL04,03:04.3,"gorgonzola is an italian, mild blue cheese.",25,0,,,,,,,,
129,pizza marghetta,https://www.youtube.com/watch?v=5ZWUiD2OL04,03:09.0,"and then some fresh diced tomato alright, the quadro for logic pizzas, finished we 're going to put it on the plates going to top it with shape parmesan cheese in some extra virgin, olive oil.",26,0,,,,,,,,
130,pizza marghetta,https://www.youtube.com/watch?v=5ZWUiD2OL04,03:28.1,and there you have it is n't a quattro for maggio pizza.,27,0,,,,,,,,
131,pizza marghetta,https://www.youtube.com/watch?v=KCIGy7lt_Og,00:00.6,"hey there welcome back to no recipe required, hope you doing, well tonight.",0,0,,,,,,,,
132,pizza marghetta,https://www.youtube.com/watch?v=KCIGy7lt_Og,00:04.7,i 'm going to make some homemade pizza for you.,1,0,,,,,,,,
133,pizza marghetta,https://www.youtube.com/watch?v=KCIGy7lt_Og,00:07.2,this is going to be a classic margarita pizza.,2,0,,,,,,,,
134,pizza marghetta,https://www.youtube.com/watch?v=KCIGy7lt_Og,00:10.5,"it 's really delicious, pretty easy to do you 've got your.",3,0,,,,,,,,
135,pizza marghetta,https://www.youtube.com/watch?v=KCIGy7lt_Og,00:14.1,we 've got our standard sauce.,4,0,,,,,,,,
136,pizza marghetta,https://www.youtube.com/watch?v=KCIGy7lt_Og,00:15.3,"the sauce that i normally make will roll out some pizza dough or stretch out some pizza dough and really just do a basic tomato mozzarella and basil, basil across, actually call it the christmas pizza.",5,0,,,,,,,,
137,pizza marghetta,https://www.youtube.com/watch?v=KCIGy7lt_Og,00:25.4,"could it 's got a nice little red, white and green color into it, let 's, let 's go ahead and get started free pizza?",6,0,,,,,,,,
138,pizza marghetta,https://www.youtube.com/watch?v=KCIGy7lt_Og,00:32.1,"one of the few decisions you gotta, make is how thin or thick you want to cut your tomato or slicer tomato.",7,0,,,,,,,,
139,pizza marghetta,https://www.youtube.com/watch?v=KCIGy7lt_Og,00:39.0,i actually prefer to go a pretty thin slice.,8,0,,,,,,,,
140,pizza marghetta,https://www.youtube.com/watch?v=KCIGy7lt_Og,0:00:42,"but if you really like kind of chunkier pieces of tomato by all mine by all means, go a little thicker.",9,0,,,,,,,,
141,pizza marghetta,https://www.youtube.com/watch?v=KCIGy7lt_Og,00:50.5,i 'm going to go and probably do.,10,0,,,,,,,,
142,pizza marghetta,https://www.youtube.com/watch?v=KCIGy7lt_Og,00:53.6,i do n't know an eighth of an inch or a sixteenth of an inch slice there pretty thin and just laying down.,11,0,,,,,,,,
143,pizza marghetta,https://www.youtube.com/watch?v=KCIGy7lt_Og,00:59.7,i 'm using a roma tomato winter.,12,0,,,,,,,,
144,pizza marghetta,https://www.youtube.com/watch?v=KCIGy7lt_Og,01:03.5,"i think is generally, you know, kind of the best out there, but use obviously whatever is available.",13,0,,,,,,,,
145,pizza marghetta,https://www.youtube.com/watch?v=KCIGy7lt_Og,01:09.2,"whatever expression, whatever you like so let 's go ahead and make our margarita pizza.",14,0,,,,,,,,
146,pizza marghetta,https://www.youtube.com/watch?v=KCIGy7lt_Og,01:14.4,i 've got a pasta dough that i just rolled out or kind of pulled apart.,15,0,,,,,,,,
147,pizza marghetta,https://www.youtube.com/watch?v=KCIGy7lt_Og,01:19.4,pull apart is not the right word.,16,0,,,,,,,,
148,pizza marghetta,https://www.youtube.com/watch?v=KCIGy7lt_Og,01:21.0,"i pulled in kind of stretched it out, got a, got, a nice flat doh.",17,0,,,,,,,,
149,pizza marghetta,https://www.youtube.com/watch?v=KCIGy7lt_Og,01:25.7,"here you can find how i do it out on the website, and then i 've also got my basic classic tomato sauce plus that i use for just about all my pizzas, an i 'm going to go ahead and lay that down in a, in a nice coat and i like you know, probably frankly i probably like a medium amount of sauce people, people have said little bit less a little bit more i kind of like it a little bit right in the middle use, the back of the spoon there, yeah, you spoon it out with the front, then just kind of use the back spread it out.",18,1,lay down tomato sauce, lay down,"tomato sauce,",,,, spoon,
150,pizza marghetta,https://www.youtube.com/watch?v=KCIGy7lt_Og,02:02.2,"it certainly does not have to be perfectly, even all around.",19,0,,,,,,,,
151,pizza marghetta,https://www.youtube.com/watch?v=KCIGy7lt_Og,02:06.7,"if you got little spots like that, it 's really not a big deal.",20,0,,,,,,,,
152,pizza marghetta,https://www.youtube.com/watch?v=KCIGy7lt_Og,02:10.7,and then i like to use our leave about half an inch all the way around the pizza.,21,1,leave half an inch for crust,leave,around pizza,,,,,
153,pizza marghetta,https://www.youtube.com/watch?v=KCIGy7lt_Og,02:16.5,"you do n't want to you do n't want to get any big massive puddles in there if you 've got half an inch of, of sauce sitting over here.",22,0,,,,,,,,
154,pizza marghetta,https://www.youtube.com/watch?v=KCIGy7lt_Og,02:23.9,"definitely you want to smooth that out so margarita pizza, i 've got some mozzarella cheese.",23,0,,,,,,,,
155,pizza marghetta,https://www.youtube.com/watch?v=KCIGy7lt_Og,02:30.8,this is actually barada cheese which is a kind of a version of mozzarella.,24,0,,,,,,,,
156,pizza marghetta,https://www.youtube.com/watch?v=KCIGy7lt_Og,02:35.1,i 'm going to go ahead and lay this down.,25,1,lay down cheese,lay down,cheese,,,,,
157,pizza marghetta,https://www.youtube.com/watch?v=KCIGy7lt_Og,02:37.7,"a few pieces kind of interspersed throughout the, throughout the slice or throughout the pizza and these are, these are probably quarter.",26,0,,,,,,,,
158,pizza marghetta,https://www.youtube.com/watch?v=KCIGy7lt_Og,02:48.8,inch half an inch slices.,27,0,,,,,,,,
159,pizza marghetta,https://www.youtube.com/watch?v=KCIGy7lt_Og,02:52.5,then i 'm going to spread out.,28,0,,,,,,,,
160,pizza marghetta,https://www.youtube.com/watch?v=KCIGy7lt_Og,02:55.9,"maybe we fit one more in there, how about this guy right there and maybe one more, one more rate in the middle there and then um sauce little bit , mozzarella.",29,0,,,,,,,,
161,pizza marghetta,https://www.youtube.com/watch?v=KCIGy7lt_Og,03:13.6,and then you can lay some basil down now.,30,1,lay basil down,lay down,basil,,,,,
162,pizza marghetta,https://www.youtube.com/watch?v=KCIGy7lt_Og,03:16.7,the basel i like to.,31,0,,,,,,,,
163,pizza marghetta,https://www.youtube.com/watch?v=KCIGy7lt_Og,03:17.9,"i like to press down a little bit to make sure that it stays down, stays down as it cooks if it stays down it.",32,1,press the basil down,press down,basil,,,,,
164,pizza marghetta,https://www.youtube.com/watch?v=KCIGy7lt_Og,03:27.8,"and so it 's like going to burn in the oven, which, which i do n't really like burnt basil, so go ahead.",33,0,,,,,,,,
165,pizza marghetta,https://www.youtube.com/watch?v=KCIGy7lt_Og,03:36.5,"and you just kind of push it a little bit get it into the right, places, you know, obviously terribly is if you need to that looks , good.",34,0,,,,,,,,
166,pizza marghetta,https://www.youtube.com/watch?v=KCIGy7lt_Og,03:45.2,"let 's go ahead and pop this in the oven, so in the interest of full disclosure.",35,1,put pizza in oven,pop in,pizza,oven,,,,
167,pizza marghetta,https://www.youtube.com/watch?v=KCIGy7lt_Og,03:51.1,"i put my margarita pizza together without putting any fresh tomatoes on it, which is not what i want to do.",36,0,,,,,,,,
168,pizza marghetta,https://www.youtube.com/watch?v=KCIGy7lt_Og,03:57.7,"i had actually already put it in the oven, when i realized that i spotted the tomatoes not a big deal, and you just grab it out of the oven and layer tomatoes down there nobody is going to know.",37,0,,,,,,,,
169,pizza marghetta,https://www.youtube.com/watch?v=KCIGy7lt_Og,04:09.3,"they went on late let me just pop that right back in the oven, and we should be good to go in a few minutes.",38,0,,,,,,,,
170,pizza marghetta,https://www.youtube.com/watch?v=KCIGy7lt_Og,04:14.8,so here 's my pizza.,39,0,,,,,,,,
171,pizza marghetta,https://www.youtube.com/watch?v=KCIGy7lt_Og,04:16.3,margherita just pulled out of the oven.,40,0,,,,,,,,
172,pizza marghetta,https://www.youtube.com/watch?v=KCIGy7lt_Og,04:19.3,i actually kept it on the pizza stone.,41,1,cool down on pizza stone,cool down,pizza,pizza stone,,,,
173,pizza marghetta,https://www.youtube.com/watch?v=KCIGy7lt_Og,04:21.8,that 's a that 's something i normally do and let it actually cool down on the stone.,42,0,,,,,,,,
174,pizza marghetta,https://www.youtube.com/watch?v=KCIGy7lt_Og,04:26.1,i find that keeps the crust nice and crispy and this one.,43,0,,,,,,,,
175,pizza marghetta,https://www.youtube.com/watch?v=KCIGy7lt_Og,04:31.0,i do n't know if you can tell on camera.,44,0,,,,,,,,
176,pizza marghetta,https://www.youtube.com/watch?v=KCIGy7lt_Og,04:32.4,"but if you do like that, the top kind of jiggles a little bit totally fine totally normal, just means it needs to rest calm down, solidify a little bit.",45,0,,,,,,,,
177,pizza marghetta,https://www.youtube.com/watch?v=KCIGy7lt_Og,04:41.1,but i 've got a perfect little pizza here.,46,0,,,,,,,,
178,pizza marghetta,https://www.youtube.com/watch?v=KCIGy7lt_Og,04:44.1,hope you make it and i 'll see you next time on no recipe required.,47,0,,,,,,,,
179,kung pao chicken,https://www.youtube.com/watch?v=4nxbRG6-sfw,00:01.3,"today , i 'm making kung pao chicken.",0,0,,,,,,,,
180,kung pao chicken,https://www.youtube.com/watch?v=4nxbRG6-sfw,00:03.1,"and i 'm using a recipe from the book land of plenty, and i 'll be sure to include a link to a recipe now.",1,0,,,,,,,,
181,kung pao chicken,https://www.youtube.com/watch?v=4nxbRG6-sfw,00:09.8,"the first thing i 'm going to do so, i want to make my marinade.",2,1,"mix water, salt, rice wine, light soy sauce, corn starch to make marinade","mix, make","water, salt, rice wine, light soy sauce, corn starch",,,,,
182,kung pao chicken,https://www.youtube.com/watch?v=4nxbRG6-sfw,00:12.7,"i have some water in the bowl, a little bit of salt i have some rice wine, some light soy sauce, some corn starch mix.",3,0,,,,,,,,
183,kung pao chicken,https://www.youtube.com/watch?v=4nxbRG6-sfw,00:46.8,put it on the chicken.,4,1,put it on the chicken,put on,"marinade, chicken",,,,,
184,kung pao chicken,https://www.youtube.com/watch?v=4nxbRG6-sfw,00:50.9,give the chicken a good mix.,5,1,mix marinade and chicken,mix,"marinade, chicken",,,,,
185,kung pao chicken,https://www.youtube.com/watch?v=4nxbRG6-sfw,00:58.1,here i got a little bit of water.,6,0,,,,,,,,
186,kung pao chicken,https://www.youtube.com/watch?v=4nxbRG6-sfw,01:00.4,"oh , i 'm making my sauce now is what i 'm doing a little bit of lawyer.",7,0,,,,,,,,
187,kung pao chicken,https://www.youtube.com/watch?v=4nxbRG6-sfw,01:04.1,"got , some sugar, there 's some corn.",8,0,,,,,,,,
188,kung pao chicken,https://www.youtube.com/watch?v=4nxbRG6-sfw,01:07.1,starch some dark soy sauce.,9,0,,,,,,,,
189,kung pao chicken,https://www.youtube.com/watch?v=4nxbRG6-sfw,01:22.3,"some light soy sauce i have some black vinegar, and this is one of the things, you really need for this dish as some sesame E oil mix.",10,0,,,,,,,,
190,kung pao chicken,https://www.youtube.com/watch?v=4nxbRG6-sfw,01:42.8,"this up, set this aside until we need it later now.",11,0,,,,,,,,
191,kung pao chicken,https://www.youtube.com/watch?v=4nxbRG6-sfw,01:54.3,i also have some peanuts.,12,0,,,,,,,,
192,kung pao chicken,https://www.youtube.com/watch?v=4nxbRG6-sfw,01:56.9,these are dry.,13,0,,,,,,,,
193,kung pao chicken,https://www.youtube.com/watch?v=4nxbRG6-sfw,01:58.0,"roasted peanuts, but their unsalted.",14,0,,,,,,,,
194,kung pao chicken,https://www.youtube.com/watch?v=4nxbRG6-sfw,02:01.2,"i have some green onion, the white part, i have some garlic and ginger.",15,0,,,,,,,,
195,kung pao chicken,https://www.youtube.com/watch?v=4nxbRG6-sfw,02:06.6,"i have some sichuan peppercorns in here in the bottom, and i also have some peppers.",16,0,,,,,,,,
196,kung pao chicken,https://www.youtube.com/watch?v=4nxbRG6-sfw,02:11.0,"i cut dried peppers, i cut the ends off and took the seeds out.",17,0,,,,,,,,
197,kung pao chicken,https://www.youtube.com/watch?v=4nxbRG6-sfw,02:14.8,all right so let 's go and get started.,18,0,,,,,,,,
198,kung pao chicken,https://www.youtube.com/watch?v=4nxbRG6-sfw,02:18.1,"OK , i 'm heating up my wife, just i just turned it on.",19,1,heat up wife,heat up,wife,,,,,
199,kung pao chicken,https://www.youtube.com/watch?v=4nxbRG6-sfw,02:21.8,"so it 's not hot, yet i 'm going to put a little peanut oil in here be sure to swirl this around a little bit.",20,1,swirl peanut oil in wok,swirl,peanut oil,,,,,
200,kung pao chicken,https://www.youtube.com/watch?v=4nxbRG6-sfw,02:37.5,"now i will put my chili 's in my szechuan, peppercorn in there, and as the oil in a pan heats up the nettle kind of seizing the oil a little bit.",21,1,"put in szechuan, peppercorn",put in ,"szechuan, peppercorn",,,,,
201,kung pao chicken,https://www.youtube.com/watch?v=4nxbRG6-sfw,02:47.6,"and we need to put just a little bit more oil in there, here we go start to see a little sizzle in there.",22,0,,,,,,,,
202,kung pao chicken,https://www.youtube.com/watch?v=4nxbRG6-sfw,03:02.0,kind of move these around alright squid crank this up on high.,23,1,"stir szechuan, peppercorn",move these around,"szechuan, peppercorn",,,,,
203,kung pao chicken,https://www.youtube.com/watch?v=4nxbRG6-sfw,03:34.7,"OK , i 'm starting to see a little bit of smoke there when it will put our chicken.",24,1,put in chicken,put in ,chicken,,,,,
204,kung pao chicken,https://www.youtube.com/watch?v=4nxbRG6-sfw,03:40.7,"in course, will let our chicken just sit for a minute or two?",25,0,,,,,,,,
205,kung pao chicken,https://www.youtube.com/watch?v=4nxbRG6-sfw,03:55.6,"google head, and on top of our chicken will put our green onions garlic, in our ginger, hey, my chicken is just about done now.",26,1,"add green onions garlic, ginger",add,"green onions garlic, ginger",,,,,
206,kung pao chicken,https://www.youtube.com/watch?v=4nxbRG6-sfw,04:31.2,what we 're going to do.,27,0,,,,,,,,
207,kung pao chicken,https://www.youtube.com/watch?v=4nxbRG6-sfw,04:33.5,we 're going to clear sauce in here.,28,0,,,,,,,,
208,kung pao chicken,https://www.youtube.com/watch?v=4nxbRG6-sfw,04:58.6,we also foot are peanuts in you can use chess shoes.,29,0,,,,,,,,
209,kung pao chicken,https://www.youtube.com/watch?v=4nxbRG6-sfw,05:02.9,if you want to turn the heat off it will plate this up alright.,30,0,,,,,,,,
210,kung pao chicken,https://www.youtube.com/watch?v=4nxbRG6-sfw,05:36.7,"let 's see, how it taste that 's really good anyway.",31,0,,,,,,,,
211,kung pao chicken,https://www.youtube.com/watch?v=4nxbRG6-sfw,05:43.7,hope you enjoy it.,32,0,,,,,,,,
212,kung pao chicken,https://www.youtube.com/watch?v=iEDDZvKZLMk,00:00.6,"hi , i 'm holly food editor at my recipes, dot com dinner.",0,0,,,,,,,,
213,kung pao chicken,https://www.youtube.com/watch?v=iEDDZvKZLMk,00:04.2,tonight will show you how to make a healthy and delicious supper in less than forty five minutes.,1,0,,,,,,,,
214,kung pao chicken,https://www.youtube.com/watch?v=iEDDZvKZLMk,00:14.5,"kung pao chicken is one of my favorite, take out dishes.",2,0,,,,,,,,
215,kung pao chicken,https://www.youtube.com/watch?v=iEDDZvKZLMk,00:17.8,"but with this recipe, i can make it at home in less than thirty minutes for lower calories, fat and sodium with the same authentic flavor.",3,0,,,,,,,,
216,kung pao chicken,https://www.youtube.com/watch?v=iEDDZvKZLMk,00:26.3,i 'll start by browning my onions in dark sesame E.,4,1,brown onions in dark sesame oil,brown,"onions, sesame oil",,,,,
217,kung pao chicken,https://www.youtube.com/watch?v=iEDDZvKZLMk,00:28.8,oil next saute garlic for about thirty seconds.,5,1,saute garlic for 30 seconds,saute,garlic,,30 seconds,,,
218,kung pao chicken,https://www.youtube.com/watch?v=iEDDZvKZLMk,00:35.6,"that 's plenty of time for it to release its flavor, add one pound of chopped chicken thighs to the onion mixture and saute for about three minutes, while the chicken browns make the sauce combine water with soy sauce, cornstarch brown sugar ginger, and crushed.",6,1,"saute chopped chicken, make sauce","saute, make","chopped chicken thighs, water, soy sauce, cornstarch brown sugar, ginger, crushed pepper",,three minutes,,,
219,kung pao chicken,https://www.youtube.com/watch?v=iEDDZvKZLMk,01:01.5,pepper them with these ingredients together until the sugar dissolves add the sauce to the pan and bring it to a boil.,7,1,bring sauce to a boil,boil,sauce,,,,,
220,kung pao chicken,https://www.youtube.com/watch?v=iEDDZvKZLMk,01:11.9,"once the sauce comes to a boil at red bell peppers and snow peas cookies for about two minutes, or until they are crisp, tender does n't this dish look better and more fresh than what you find in a restaurant.",8,1,add red bell peppers and snow peas,add,"red bell peppers, snow peas",,two minutes,,,
221,kung pao chicken,https://www.youtube.com/watch?v=iEDDZvKZLMk,01:29.8,finish it off by topping with chopped peanuts.,9,1,top with chopped peanuts,top,chopped peanuts,,,,,
222,kung pao chicken,https://www.youtube.com/watch?v=iEDDZvKZLMk,01:34.4,i hope you enjoy this recipe for your dinner tonight.,10,0,,,,,,,,
223,kung pao chicken,https://www.youtube.com/watch?v=c9ZOrhDUORs,00:00.1,"today , we 're going to be cooking the world famous football cheating offer known as compiled chicken, the great thing about bombarding is the mild, sweet and sour taste, as well as the unique spiciness coming from the citron, peppercorns.",0,0,,,,,,,,
224,kung pao chicken,https://www.youtube.com/watch?v=c9ZOrhDUORs,00:16.6,but enough with the talking.,1,0,,,,,,,,
225,kung pao chicken,https://www.youtube.com/watch?v=c9ZOrhDUORs,00:17.5,let 's get straight into it.,2,0,,,,,,,,
226,kung pao chicken,https://www.youtube.com/watch?v=c9ZOrhDUORs,00:18.6,step one ingredients chicken breast.,3,0,,,,,,,,
227,kung pao chicken,https://www.youtube.com/watch?v=c9ZOrhDUORs,00:21.9,"cucumber leaks, peanuts, garlic ginger dried chilies, citron, peppercorns, vinegar sugar, dark soy sauce.",4,0,,,,,,,,
228,kung pao chicken,https://www.youtube.com/watch?v=c9ZOrhDUORs,00:33.6,"cooking wine salt starch and some cooking oil, you can find the exact amount, the block.",5,0,,,,,,,,
229,kung pao chicken,https://www.youtube.com/watch?v=c9ZOrhDUORs,00:39.8,"but feel free to adjust the recipe and make it your own by the way, you should be able to find all of these ingredients in any chinese grocery store around the world.",6,0,,,,,,,,
230,kung pao chicken,https://www.youtube.com/watch?v=c9ZOrhDUORs,00:47.6,"step two preparation, take the chicken breast and ice.",7,0,,,,,,,,
231,kung pao chicken,https://www.youtube.com/watch?v=c9ZOrhDUORs,00:51.3,it put it in a bowl with some wine and starch makes it with your hands and let it sit while you cut the cucumber and leaks into chunks.,8,1,"put chicken breast in bowl with wine and starch, cut cucumber and leeks","put, cut","chicken breast, wine, starch, cucumber, leeks",,,,,
232,kung pao chicken,https://www.youtube.com/watch?v=c9ZOrhDUORs,00:59.8,now crush the garlic slice and cut the ginger into fingernail sized pieces.,9,1,"crush the garlic, cut ginger","crush, slice, cut","garlic, ginger",,,,,
233,kung pao chicken,https://www.youtube.com/watch?v=c9ZOrhDUORs,01:04.9,"next we prepare the sauce by mixing sugar vinegar, dark soy sauce, a little bit of cooking wine salt and starch together in a small boat step.",10,1,prepare sauce,"prepare, mixing","sugar, vinegar, dark soy sauce, cooking wine, salt, and starch",,,,,
234,kung pao chicken,https://www.youtube.com/watch?v=c9ZOrhDUORs,01:16.5,three cooking heat.,11,0,,,,,,,,
235,kung pao chicken,https://www.youtube.com/watch?v=c9ZOrhDUORs,01:18.5,some oil in a walk at sichuan peppercorns and quick fry.,12,1,quick fry sichuan peppercorns,quick fry,sichuan peppercorns,,,,,
236,kung pao chicken,https://www.youtube.com/watch?v=c9ZOrhDUORs,01:21.7,so they can release their aroma after twenty to thirty seconds.,13,0,,,,,,,,
237,kung pao chicken,https://www.youtube.com/watch?v=c9ZOrhDUORs,01:24.9,"remove them now at the pre marinated chicken stir fry until it turns white, my insite move.",14,1,"remove sichuan peppercorns, add and stir-fry chicken","remove, add, stir-fry","sichuan peppercorns, premarinated chicken",,,,,
238,kung pao chicken,https://www.youtube.com/watch?v=c9ZOrhDUORs,01:32.5,"it aside at chili ginger and garlic stir fry now, at cucumber leaks, peanuts and stir fry, again that 's button at least you add the sauce.",15,1,"add, stir-fry chili, ginger, garlic, cucumber, leeks, and peanuts","add, stir-fry","chili, ginger, garlic, cucumber, leeks, and peanuts",,,,,
239,kung pao chicken,https://www.youtube.com/watch?v=c9ZOrhDUORs,01:44.9,"remember to give it a quick stir before hence or the sugar, and starch wo n't be at the bottom of the bolt now.",16,1,stir sauce,stir,sauce,,,,,
240,kung pao chicken,https://www.youtube.com/watch?v=c9ZOrhDUORs,01:50.0,"stir fry it one last time, step for happiness of mouth congratulations.",17,0,,,,,,,,
241,kung pao chicken,https://www.youtube.com/watch?v=c9ZOrhDUORs,01:55.9,you 've just cooked authentic converging enjoy it with a bowl of rice i hope you.,18,0,,,,,,,,
242,kung pao chicken,https://www.youtube.com/watch?v=c9ZOrhDUORs,02:03.6,"like this video, if you have any questions i 'll be happy to answer your comments down below, of course, feel free to drop by my youtube channel.",19,0,,,,,,,,
243,kung pao chicken,https://www.youtube.com/watch?v=c9ZOrhDUORs,02:09.5,there 's plenty of cool videos for you to see and make sure to subscribe for more.,20,0,,,,,,,,
244,kung pao chicken,https://www.youtube.com/watch?v=c9ZOrhDUORs,02:12.9,"LOL , why cooking another awesome things.",21,0,,,,,,,,
245,kung pao chicken,https://www.youtube.com/watch?v=c9ZOrhDUORs,02:14.7,"thanks for watching, and i 'll see you next time.",22,0,,,,,,,,
247,kung pao chicken,https://www.youtube.com/watch?v=okvTq8gtr8c,00:10.1,hey guys welcome back to the channel.,0,0,,,,,,,,
248,kung pao chicken,https://www.youtube.com/watch?v=okvTq8gtr8c,00:12.8,i want to say.,1,0,,,,,,,,
249,kung pao chicken,https://www.youtube.com/watch?v=okvTq8gtr8c,00:13.3,thank you to all the subscribers today.,2,0,,,,,,,,
250,kung pao chicken,https://www.youtube.com/watch?v=okvTq8gtr8c,00:15.7,"all the ones that have joined in the past week and all you guys, it still continue to hang on here thank you.",3,0,,,,,,,,
251,kung pao chicken,https://www.youtube.com/watch?v=okvTq8gtr8c,00:21.9,i appreciate it listen today.,4,0,,,,,,,,
252,kung pao chicken,https://www.youtube.com/watch?v=okvTq8gtr8c,00:23.5,"we 're going to make kung pao chick in kung pao chicken, going to have some broccoli on the side, too.",5,0,,,,,,,,
253,kung pao chicken,https://www.youtube.com/watch?v=okvTq8gtr8c,00:30.6,but i 'm not going to show you were just going to steam the broccoli is going to be pretty quickly.,6,0,,,,,,,,
254,kung pao chicken,https://www.youtube.com/watch?v=okvTq8gtr8c,00:34.5,so i 'm not even going to include that in the recipe today.,7,0,,,,,,,,
255,kung pao chicken,https://www.youtube.com/watch?v=okvTq8gtr8c,00:37.1,but here 's what you gotta.,8,0,,,,,,,,
256,kung pao chicken,https://www.youtube.com/watch?v=okvTq8gtr8c,00:38.5,"need you 're going to need about a pound of boneless, skinless chicken, thighs here there?",9,0,,,,,,,,
257,kung pao chicken,https://www.youtube.com/watch?v=okvTq8gtr8c,00:45.8,"we go we 're going to cut these into bite size pieces here in a minute, going to subpoena, butter some garlic.",10,1,cut chicken to bite size,cut,chicken,,,,,
258,kung pao chicken,https://www.youtube.com/watch?v=okvTq8gtr8c,00:51.9,some light soy sauce some chili sauce.,11,0,,,,,,,,
259,kung pao chicken,https://www.youtube.com/watch?v=okvTq8gtr8c,00:55.1,"we 're going to use craft classic, catalina dressing, and we 've got some ginger alright.",12,0,,,,,,,,
260,kung pao chicken,https://www.youtube.com/watch?v=okvTq8gtr8c,01:02.0,let me go ahead and process this and get it all set up.,13,0,,,,,,,,
261,kung pao chicken,https://www.youtube.com/watch?v=okvTq8gtr8c,01:04.6,"and , we 'll go ahead and start cooking in this shell kung, pao chicken serves four.",14,0,,,,,,,,
262,kung pao chicken,https://www.youtube.com/watch?v=okvTq8gtr8c,01:09.2,i think it 's less than three hundred fifty calories per serving first thing.,15,0,,,,,,,,
263,kung pao chicken,https://www.youtube.com/watch?v=okvTq8gtr8c,01:14.9,we 're going to do is we 're going to take our quarter cup of peanut butter.,16,1,take peanut butter,take,peanut butter,,,,,
264,kung pao chicken,https://www.youtube.com/watch?v=okvTq8gtr8c,01:18.8,"and we 're going to combine it with two tablespoons of our catalina, dressing there.",17,1,combine peanut butter with catalina,combine,catalina peanut butter,,,,,
265,kung pao chicken,https://www.youtube.com/watch?v=okvTq8gtr8c,01:26.1,we go we 're going to put in two tablespoon or two teaspoons of our chili sauce.,18,1,add chilli sauce,add,chilli sauce,,,,,
266,kung pao chicken,https://www.youtube.com/watch?v=okvTq8gtr8c,01:37.1,then we 'll put in our tablespoon of soy sauce.,19,1,add soy sauce,add,soy sauce,,,,,
267,kung pao chicken,https://www.youtube.com/watch?v=okvTq8gtr8c,01:43.2,then we 'll go ahead and mix the salt thoroughly sort of make a nice even paste.,20,1,mix salt thoroughly,mix,salt,,,,to an even paste,
268,kung pao chicken,https://www.youtube.com/watch?v=okvTq8gtr8c,01:48.9,this is the consistency you 're looking for it right here.,21,0,,,,,,,,
269,kung pao chicken,https://www.youtube.com/watch?v=okvTq8gtr8c,01:52.1,so it 's basically turn back into peanut butter.,22,0,,,,,,,,
270,kung pao chicken,https://www.youtube.com/watch?v=okvTq8gtr8c,02:00.8,i 've got her pan on medium high heat here.,23,1,heat pan on medium high heat,heat,pan,,,medium high flame,,
271,kung pao chicken,https://www.youtube.com/watch?v=okvTq8gtr8c,02:03.8,"and i 've got our other three tablespoons of the catalina, dressing.",24,0,,,,,,,,
272,kung pao chicken,https://www.youtube.com/watch?v=okvTq8gtr8c,02:09.2,"we 've got our garlic, and we 've got our grated ginger.",25,0,,,,,,,,
273,kung pao chicken,https://www.youtube.com/watch?v=okvTq8gtr8c,02:12.6,i 'm going to go ahead and stayed up or remaining dressing here.,26,0,,,,,,,,
274,kung pao chicken,https://www.youtube.com/watch?v=okvTq8gtr8c,02:20.6,i 'll put in our garlic there.,27,1,add garlic,add,garlic,,,,,
275,kung pao chicken,https://www.youtube.com/watch?v=okvTq8gtr8c,02:25.2,"we go and i 'll go ahead and put her ginger in awesome, and i 've got our chicken cut up here into bite size.",28,1,"add ginger, cut chicken","add, cut","ginger, chicken",,,,cut chicken to bite size pieces,
276,kung pao chicken,https://www.youtube.com/watch?v=okvTq8gtr8c,02:35.4,pieces of taken most of the fat off that i could get.,29,1,take fat off chicken,take off,fat,chicken,,,,
277,kung pao chicken,https://www.youtube.com/watch?v=okvTq8gtr8c,02:38.3,i 'm going to go ahead and put this in our fan too.,30,1,place chicken in pan,place,chicken,fan,,,,
278,kung pao chicken,https://www.youtube.com/watch?v=okvTq8gtr8c,02:41.8,and i 'm going to stir fry this for about a minute here.,31,1,stir fry for one minute,stir fry,chicken,,1 minute,,,
279,kung pao chicken,https://www.youtube.com/watch?v=okvTq8gtr8c,02:45.8,try to get everything coated.,32,1,coat chicken well,coat,chicken,,,,,
280,kung pao chicken,https://www.youtube.com/watch?v=okvTq8gtr8c,02:47.8,we 're going to have some sticks to arpan.,33,0,,,,,,,,
281,kung pao chicken,https://www.youtube.com/watch?v=okvTq8gtr8c,02:50.1,"that 's fine, will just scrape it all our guys?",34,0,,,,,,,,
282,kung pao chicken,https://www.youtube.com/watch?v=okvTq8gtr8c,02:54.3,this smells fantastic.,35,0,,,,,,,,
283,kung pao chicken,https://www.youtube.com/watch?v=okvTq8gtr8c,02:56.9,"oh , my god could chuck it 's now that i 'm going to go ahead and add in or peanut butter mixture that we made.",36,1,add peanut butter mixture,add,peanut butter mixture,,,,,
284,kung pao chicken,https://www.youtube.com/watch?v=okvTq8gtr8c,03:04.4,"earlier now, there we go baby get in there.",37,0,,,,,,,,
285,kung pao chicken,https://www.youtube.com/watch?v=okvTq8gtr8c,03:09.3,"i want to get all of this, i 'll come back and scrape this out in a minute.",38,0,,,,,,,,
286,kung pao chicken,https://www.youtube.com/watch?v=okvTq8gtr8c,03:12.4,"y'all both are you going to do now is go ahead and just stare this around, in here and make sure we get every piece coated with this.",39,0,,,,,,,,
287,kung pao chicken,https://www.youtube.com/watch?v=okvTq8gtr8c,03:21.8,"i 'll show you what it looks like, and we 're going to let this cook once you get all the peanut butter in for about seven more minutes, and we should be ready to serve alright guys.",40,1,cook chicken and marinade for 7 minutes,cook,chicken and marinade,,7 minutes,,until golden brown,
288,kung pao chicken,https://www.youtube.com/watch?v=okvTq8gtr8c,03:30.8,this is what we 're looking for this is done.,0,0,,,,,,,,
289,kung pao chicken,https://www.youtube.com/watch?v=okvTq8gtr8c,03:34.2,it 's golden brown.,42,0,,,,,,,,
290,kung pao chicken,https://www.youtube.com/watch?v=okvTq8gtr8c,03:36.1,"we got a lot of stuff stuck on the bottom that 's OK, not a problem we can clean the pan.",43,0,,,,,,,,
291,kung pao chicken,https://www.youtube.com/watch?v=okvTq8gtr8c,03:40.3,i 'm going to go ahead and serve this site now and makes four servings like i said this is less than four hundred calories per serving.,44,0,,,,,,,,
292,kung pao chicken,https://www.youtube.com/watch?v=okvTq8gtr8c,03:48.5,i 'll give you all the details down here.,45,0,,,,,,,,
293,kung pao chicken,https://www.youtube.com/watch?v=okvTq8gtr8c,03:50.1,"let me serve this sub, y'all and will give this a try.",46,0,,,,,,,,
294,kung pao chicken,https://www.youtube.com/watch?v=okvTq8gtr8c,03:54.8,all right guys there.,47,0,,,,,,,,
295,kung pao chicken,https://www.youtube.com/watch?v=okvTq8gtr8c,03:56.1,it is kung pao chick in BC.,48,0,,,,,,,,
296,kung pao chicken,https://www.youtube.com/watch?v=okvTq8gtr8c,04:00.9,if i get a close up with this for y'all see if there you go.,49,0,,,,,,,,
297,kung pao chicken,https://www.youtube.com/watch?v=okvTq8gtr8c,04:05.6,"it 's got a nice little glisten on the top, looks delicious is very heart.",50,0,,,,,,,,
298,kung pao chicken,https://www.youtube.com/watch?v=okvTq8gtr8c,04:11.0,"friendly , it 's healthy.",51,0,,,,,,,,
299,kung pao chicken,https://www.youtube.com/watch?v=okvTq8gtr8c,04:12.7,it 's got the good cholesterol for you in here.,52,0,,,,,,,,
300,kung pao chicken,https://www.youtube.com/watch?v=okvTq8gtr8c,04:17.3,"alright , without further ado, i 'm going to go ahead and take a nice bite of this there, it is, yeah, i guess i should always offer you guys the first byte there.",53,0,,,,,,,,
301,kung pao chicken,https://www.youtube.com/watch?v=okvTq8gtr8c,04:27.6,you go that taste good alright.,54,0,,,,,,,,
302,kung pao chicken,https://www.youtube.com/watch?v=okvTq8gtr8c,04:30.2,let me try your wow naturally.,55,0,,,,,,,,
303,kung pao chicken,https://www.youtube.com/watch?v=okvTq8gtr8c,04:40.5,"i get the first hit of ginger and garlic, which is really, really satisfying to me always be careful with ginger men at some powerful stuff.",56,0,,,,,,,,
304,kung pao chicken,https://www.youtube.com/watch?v=okvTq8gtr8c,04:50.4,"they should regulate that love ginger, but you get attached to that peanut butter.",57,0,,,,,,,,
305,kung pao chicken,https://www.youtube.com/watch?v=okvTq8gtr8c,05:04.4,"there 's a vague, vague hint of the catalina, i would be happy with little bit more catalina.",58,0,,,,,,,,
306,kung pao chicken,https://www.youtube.com/watch?v=okvTq8gtr8c,05:13.6,"but you can taste it does alter the flavor, and i think i would prefer a little bit more chili sauce because i like the heat.",59,0,,,,,,,,
307,kung pao chicken,https://www.youtube.com/watch?v=okvTq8gtr8c,05:24.4,"but , you know, i 'm cooking for my kids here so they have to.",60,0,,,,,,,,
308,kung pao chicken,https://www.youtube.com/watch?v=okvTq8gtr8c,05:27.9,they do n't really enjoy the heat as much as i do.,61,0,,,,,,,,
309,kung pao chicken,https://www.youtube.com/watch?v=okvTq8gtr8c,05:29.8,and this is perfect size two.,62,0,,,,,,,,
310,kung pao chicken,https://www.youtube.com/watch?v=okvTq8gtr8c,05:32.4,"it 's like popcorns out, fantastical, it 's got a great coding in your mouth really awesome little dish year.",63,0,,,,,,,,
311,kung pao chicken,https://www.youtube.com/watch?v=okvTq8gtr8c,05:44.2,"so there it is off kung pao chicken, please like share and subscribe to my channel, if you get any benefit out of it no tell a friend of family member.",64,0,,,,,,,,
312,kung pao chicken,https://www.youtube.com/watch?v=okvTq8gtr8c,05:58.4,"tell your spouse, all you guys subscribe.",65,0,,,,,,,,
313,kung pao chicken,https://www.youtube.com/watch?v=okvTq8gtr8c,06:02.5,"and you get follow me over on google, plus P period, space, parton P barton over at google, plus.",66,0,,,,,,,,
314,kung pao chicken,https://www.youtube.com/watch?v=okvTq8gtr8c,06:10.9,so until next time and then you 'll get all my updates until.,67,0,,,,,,,,
315,kung pao chicken,https://www.youtube.com/watch?v=okvTq8gtr8c,06:16.6,i will see you later.,68,0,,,,,,,,
316,potstickers,https://www.youtube.com/watch?v=tYg3lQ5aZv8,00:07.2,come hate that choi that means happy new year.,0,0,,,,,,,,
317,potstickers,https://www.youtube.com/watch?v=tYg3lQ5aZv8,00:10.1,"i 'm not sure if i pronounce that correctly, but because chinese new year is just around the corner.",1,0,,,,,,,,
318,potstickers,https://www.youtube.com/watch?v=tYg3lQ5aZv8,00:15.2,"i wanted to make potstickers, potstickers.",2,0,,,,,,,,
319,potstickers,https://www.youtube.com/watch?v=tYg3lQ5aZv8,00:18.5,"a dumpling, that is steamed and fried if you want the recipe for those.",3,0,,,,,,,,
320,potstickers,https://www.youtube.com/watch?v=tYg3lQ5aZv8,00:23.0,"please check out what side the cooking dot blogspot dot com and if you 're interested in seeing my version, keep on watching.",4,0,,,,,,,,
321,potstickers,https://www.youtube.com/watch?v=tYg3lQ5aZv8,00:30.7,please visit what 's ivy cooking dot blogspot dot com for the complete recipe clean shrimp by peeling the talen skin off as shown.,5,1,clean and deskin shrimp,"clean, deskin",shrimp,,,,,
322,potstickers,https://www.youtube.com/watch?v=tYg3lQ5aZv8,00:47.7,"devein , the shrimp by running your knife on the back of the shrimp use your fingers to open the shrimp and remove the digestive track as shown boil water and let your shit talky mushroom steep in this water until rehydrated.",6,1,"devein shrimp , boil water",devein,shrimp,,,,remove digestive track,
323,potstickers,https://www.youtube.com/watch?v=tYg3lQ5aZv8,01:05.2,"finally , chop up your green onions.",7,1,chop green onions,chop,green onion,,,,,
324,potstickers,https://www.youtube.com/watch?v=tYg3lQ5aZv8,01:07.6,we do n't want big chunks of green onions in our mixture and peel.,8,0,,,,,,,,
325,potstickers,https://www.youtube.com/watch?v=tYg3lQ5aZv8,01:12.3,"the skin off of your shallot, an finally mince.",9,1,peel and mince shallots,"peel, mince",shallots,,,,,
326,potstickers,https://www.youtube.com/watch?v=tYg3lQ5aZv8,01:15.5,we also do n't want big chunks of shallots in our mixture.,10,0,,,,,,,,
327,potstickers,https://www.youtube.com/watch?v=tYg3lQ5aZv8,01:26.8,train your water chestnuts.,11,1,strain water chestnuts,strain,water chestnuts,,,,,
328,potstickers,https://www.youtube.com/watch?v=tYg3lQ5aZv8,01:28.5,"an finally mince as shown, great shirt garlic and ginger it 's easier to great eight ginger when it is frozen once your shit talky mushrooms have been rehydrated you want to squeeze off the excess water and chop finely as shown rinse your shrimp off with water and finally chop in a bowl combine your ground pork your shrimp green onions shallots ginger and garlic shataiki mushrooms and water chestnuts have the xiaoxing wine the sesame E oil to soy sauce some salt sugar, white pepper, and an egg incorporate all these ingredients by mixing this mixture with your hands once mix, add your cornstarch and mix again, please visit what 's ivy cooking dot blogspot dot com for the complete recipe, place a teaspoon in the center of the dough dabble little water with your finger and circle around the edge fault, the pot sticker, and pleaded as shown.",12,0,,,,,,,,
329,potstickers,https://www.youtube.com/watch?v=tYg3lQ5aZv8,02:50.3,"i do about six to eight pleats, when i am done pleading it.",13,0,,,,,,,,
330,potstickers,https://www.youtube.com/watch?v=tYg3lQ5aZv8,03:00.4,"i like to flatten the bottom with my hand place pot stickers in a pan add chicken broth until chicken broth reaches halfway up place the cover, and we 're going to steam the pot stickers for about three minutes, take the cover off and let the broth evaporate once evaporated.",14,1,"flatten pot sticker's bottom, add chicken broth","flatten, add","pot stickers, chicken broth",half way up the pan,,,,
331,potstickers,https://www.youtube.com/watch?v=tYg3lQ5aZv8,03:18.9,add some oil and let the pot stickers fry until golden brown on the bottom.,15,1,"add oil, fry pot stickers","add, fry","oil, pot stcikers",,,,,
332,potstickers,https://www.youtube.com/watch?v=tYg3lQ5aZv8,03:26.7,thank you for watching ivs kitchen.,16,0,,,,,,,,
333,potstickers,https://www.youtube.com/watch?v=tYg3lQ5aZv8,03:28.7,please do n't forget to subscribe for my recipes.,17,0,,,,,,,,
334,potstickers,https://www.youtube.com/watch?v=tYg3lQ5aZv8,03:32.4,please visit what 's ivy cooking dot blogspot dot com.,18,0,,,,,,,,
335,potstickers,https://www.youtube.com/watch?v=tYg3lQ5aZv8,03:37.2,"can also find me on facebook, or instagram until next time happy cooking?",19,0,,,,,,,,
336,potstickers,https://www.youtube.com/watch?v=Z8xhli297v8,00:04.8,"OK guys, so today we 're doing another recipe from our eat, well, lose weight.",0,0,,,,,,,,
337,potstickers,https://www.youtube.com/watch?v=Z8xhli297v8,00:12.1,i guess series and this is what i 'm making today.,1,0,,,,,,,,
338,potstickers,https://www.youtube.com/watch?v=Z8xhli297v8,00:16.8,"they have sections in this book, well, they have all sections in the public domain cores or sides and all that stuff.",2,0,,,,,,,,
339,potstickers,https://www.youtube.com/watch?v=Z8xhli297v8,00:24.2,"then after that, they have like a section where it breaks down kind of different types of food or different regions of the asian section, indian section italian sausage, and it gives you a couple of recipes.",3,0,,,,,,,,
340,potstickers,https://www.youtube.com/watch?v=Z8xhli297v8,00:35.0,so i picked the asian section because i really love asian food.,4,0,,,,,,,,
341,potstickers,https://www.youtube.com/watch?v=Z8xhli297v8,00:39.0,i love tofu.,5,0,,,,,,,,
342,potstickers,https://www.youtube.com/watch?v=Z8xhli297v8,00:40.4,now we 're going to be making tofu and veggie pot stickers with a dipping sauce.,6,0,,,,,,,,
343,potstickers,https://www.youtube.com/watch?v=Z8xhli297v8,00:46.3,i believe how many is it three pot stickers and one tablespoon of sauce is a hundred and thirty two calories.,7,0,,,,,,,,
344,potstickers,https://www.youtube.com/watch?v=Z8xhli297v8,00:55.1,"so this is a very, very, very good dinner to eat this is not gonna give you a lot of calories and i actually went online, to better homes and garden to actually look up the recipe, when i could n't find the book, the pot stickers themselves are actually only eight calories per serving those extra calories you get comes from the dipping sauce.",8,0,,,,,,,,
345,potstickers,https://www.youtube.com/watch?v=Z8xhli297v8,01:19.6,"so if you did n't want to use those, the dipping sauce and save on calories, you can actually do that, which will drastically change the calorie count for this.",9,0,,,,,,,,
346,potstickers,https://www.youtube.com/watch?v=Z8xhli297v8,01:29.0,but let 's get into the ingredients first you have some tofu and this calls for half of an eight ounce package of tofu or roughly nine ounces my grocery store only carries one brand of tofu an one size which is the fourteen ounce size.,10,0,,,,,,,,
347,potstickers,https://www.youtube.com/watch?v=Z8xhli297v8,01:49.2,so all you really need is nine ounces.,11,0,,,,,,,,
348,potstickers,https://www.youtube.com/watch?v=Z8xhli297v8,01:50.9,"so if you have a fourteen ounce size, just a little bit more than half of that package.",12,0,,,,,,,,
349,potstickers,https://www.youtube.com/watch?v=Z8xhli297v8,01:55.5,now i like to get the extra firm kind.,13,0,,,,,,,,
350,potstickers,https://www.youtube.com/watch?v=Z8xhli297v8,01:58.7,"because the texture of it if you do n't care, or of your grocery store has a bunch of different types of tofu get whatever one you prefer.",14,0,,,,,,,,
351,potstickers,https://www.youtube.com/watch?v=Z8xhli297v8,02:08.8,"but i'ma texture person, i like the texture of the extra firm also, you need to join this a good way to drain it if you do n't well, after you drain just a plain water out of the container on you need to drain it.",15,1,drain water from tofu,drain,water,tofu,,,,
352,potstickers,https://www.youtube.com/watch?v=Z8xhli297v8,02:20.9,"so it 's still not as moist if you have a tofu press that 's perfect if not take, your tofu and i should 've video this black forgot take you tofu and put it on some paper towel and then stack heavy things on top of it i put a pot and a couple of bowls on it and put some more paper towel on top and let it sit for about ten to fifteen minutes and see all that moisture.",16,1,put on paper towel and stack heavy object on it,"put,stack","tofu,heavy object",paper towel,,,,
353,potstickers,https://www.youtube.com/watch?v=Z8xhli297v8,02:43.9,let me see if i can bring it out all of that got squeezed out of the tofu.,17,0,,,,,,,,
354,potstickers,https://www.youtube.com/watch?v=Z8xhli297v8,02:56.3,"let me have two tablespoons of green onion about two small green onions chopped up one, one third cup of shredded carrot.",18,1,"chop green onion, shred carrot","chop,shred","green onion, carrot",,,,,
355,potstickers,https://www.youtube.com/watch?v=Z8xhli297v8,03:05.4,one third cup of broccoli slaw anna.,19,0,,,,,,,,
356,potstickers,https://www.youtube.com/watch?v=Z8xhli297v8,03:08.0,"good thing, if you guys are shopping in advanced by the fresh broccoli saw an thrown into the freezer.",20,0,,,,,,,,
357,potstickers,https://www.youtube.com/watch?v=Z8xhli297v8,03:13.2,"because that 's what i did, you can do that with the broccoli slaw.",21,0,,,,,,,,
358,potstickers,https://www.youtube.com/watch?v=Z8xhli297v8,03:16.8,because all that is broccoli carrots and cabbage all that stuff is easy to freeze you supposed to have one tablespoon of plum sauce i had plum sauce that expired a year ago and i did n't realize it.,22,0,,,,,,,,
359,potstickers,https://www.youtube.com/watch?v=Z8xhli297v8,03:43.1,"so here gives you a breakdown of the equivalent of it, note says three tablespoons, three tablespoons of egg whites approximately is one large egg, and i just need one egg white.",23,0,,,,,,,,
360,potstickers,https://www.youtube.com/watch?v=Z8xhli297v8,03:59.0,so i 'm going to put two tablespoons.,24,0,,,,,,,,
361,potstickers,https://www.youtube.com/watch?v=Z8xhli297v8,04:01.3,"because i 'm, i 'm assuming when they say the large egg there, including the yolk in it as well.",25,0,,,,,,,,
362,potstickers,https://www.youtube.com/watch?v=Z8xhli297v8,04:06.3,"so i 'm going to put two tablespoons for one egg, white OK guys, there 's one other thing.",26,0,,,,,,,,
363,potstickers,https://www.youtube.com/watch?v=Z8xhli297v8,04:10.5,i forgot to tell you about this recipe.,27,0,,,,,,,,
364,potstickers,https://www.youtube.com/watch?v=Z8xhli297v8,04:13.0,"i do n't like it so i did n't include it, if you like water chestnuts, the recipe does call for two tablespoons of chopped drained water chestnuts.",28,0,,,,,,,,
365,potstickers,https://www.youtube.com/watch?v=Z8xhli297v8,04:25.6,but i do n't like them so i did n't put them in.,29,0,,,,,,,,
366,potstickers,https://www.youtube.com/watch?v=Z8xhli297v8,04:30.3,so now we 're going to combine are egg whites.,30,1,combine egg white,combine,egg white,,,,,
367,potstickers,https://www.youtube.com/watch?v=Z8xhli297v8,04:35.2,our green onion are duck sauce.,31,1,add green onion and duck sauce,add,"green onion, duck sauce",,,,,
368,potstickers,https://www.youtube.com/watch?v=Z8xhli297v8,04:40.4,our broccoli slaw an one and a half teaspoons of water.,32,1,add broccoli slaw and water,add,"brocolli slaw, water",,,,,
369,potstickers,https://www.youtube.com/watch?v=Z8xhli297v8,04:46.9,"now before i add my total win, i 'm going to give this a quick nick just.",33,1,mix mixture,mix,mixture,,,,,
370,potstickers,https://www.youtube.com/watch?v=Z8xhli297v8,04:51.0,so that everything is coded.,34,0,,,,,,,,
371,potstickers,https://www.youtube.com/watch?v=Z8xhli297v8,04:53.4,add george tofu in alright guys.,35,1,add tofu,add,tofu,,,,,
372,potstickers,https://www.youtube.com/watch?v=Z8xhli297v8,04:56.6,so now you have to move really quickly with this.,36,0,,,,,,,,
373,potstickers,https://www.youtube.com/watch?v=Z8xhli297v8,04:58.9,"you , wanna add about a teaspoon of filling into the center of you.",37,1,add filling into the center,add,filling,centre of wrappers,,,,
374,potstickers,https://www.youtube.com/watch?v=Z8xhli297v8,05:03.7,"rappers , moisten, the edges with a little bit of water do n't use eggwash 'cause you do n't want to add any additional calories.",38,1,moisten edge with water,moisten,edge,,,,water,
375,potstickers,https://www.youtube.com/watch?v=Z8xhli297v8,05:11.5,then quickly pick it up and pinch it together diagonally.,39,1,"pick, pinch","pick, pinch",wrapper,,,,,
376,potstickers,https://www.youtube.com/watch?v=Z8xhli297v8,05:19.7,now be gentle.,40,0,,,,,,,,
377,potstickers,https://www.youtube.com/watch?v=Z8xhli297v8,05:20.6,so you do n't rip them because i ripped my very first one.,41,0,,,,,,,,
378,potstickers,https://www.youtube.com/watch?v=Z8xhli297v8,05:27.7,i make sure you 're getting the air bubbles out of it and just make sure it 's sealed.,42,0,,,,,,,,
379,potstickers,https://www.youtube.com/watch?v=Z8xhli297v8,05:40.6,you may have to go over it one or two times with your fingers to make sure that you have all the air out.,43,0,,,,,,,,
380,potstickers,https://www.youtube.com/watch?v=Z8xhli297v8,05:46.2,"and , that is sealed then on a flower sheet.",44,0,,,,,,,,
381,potstickers,https://www.youtube.com/watch?v=Z8xhli297v8,05:50.2,just push it down an press.,45,1,press on flower sheet,press,flower sheet,,,,,
382,potstickers,https://www.youtube.com/watch?v=Z8xhli297v8,05:53.6,it down just.,46,0,,,,,,,,
383,potstickers,https://www.youtube.com/watch?v=Z8xhli297v8,05:54.3,"so that it has a small flat bottom if you press it down too hard, it opens up just pinch it.",47,0,,,,,,,,
384,potstickers,https://www.youtube.com/watch?v=Z8xhli297v8,05:59.3,but you do wanna press it down gently.,48,0,,,,,,,,
385,potstickers,https://www.youtube.com/watch?v=Z8xhli297v8,06:01.3,so that the bottom is flat.,49,0,,,,,,,,
386,potstickers,https://www.youtube.com/watch?v=Z8xhli297v8,06:02.9,so i 'm going to finish these up.,50,0,,,,,,,,
387,potstickers,https://www.youtube.com/watch?v=Z8xhli297v8,06:04.1,"and i 'll be back, so here all the pot stickers put on a tray.",51,1,place pot stickers on tray,place,pot stickers,tray,,,,
388,potstickers,https://www.youtube.com/watch?v=Z8xhli297v8,06:09.1,this is such a time consuming process.,52,0,,,,,,,,
389,potstickers,https://www.youtube.com/watch?v=Z8xhli297v8,06:11.7,"so first thing you want to do is to heat two teaspoons of vegetable oil or medium high heat at the bottom of your skillet, and just add half of your pot stickers in your skill at a time.",53,1,"heat oil, add pot stickers","heat,add","oil, pot stickers",skillet,,,,
390,potstickers,https://www.youtube.com/watch?v=Z8xhli297v8,06:26.8,jess ann cook them for about one minute just until they are lightly browned and do n't let them touch.,54,1,cook pot stickers till light brown,cook,pot stickers,,till light brown,,,
391,potstickers,https://www.youtube.com/watch?v=Z8xhli297v8,06:32.7,that 's why you only add in half of them and if you have press them down a little bit on your baking tray to make the bottoms of them flat.,55,1,press down,press,pot stickers,,,,to flatter the bottoms,
392,potstickers,https://www.youtube.com/watch?v=Z8xhli297v8,06:45.5,they 'll stand up in the pan really easy.,56,0,,,,,,,,
393,potstickers,https://www.youtube.com/watch?v=Z8xhli297v8,06:48.7,"now , once they brown a little bit go ahead an ad half a cup of water reduce your heat cover.",57,1,add water,,,,,,,
394,potstickers,https://www.youtube.com/watch?v=Z8xhli297v8,07:02.3,this and cook it for about five minutes.,58,1,cook pot stickes,,,,,,,
395,potstickers,https://www.youtube.com/watch?v=Z8xhli297v8,07:07.8,"i 'm going to show you guys the bottom of one season, eisenbrandt woman, can you see it?",59,0,,,,,,,,
396,potstickers,https://www.youtube.com/watch?v=Z8xhli297v8,07:11.8,that 's nice and brown.,60,0,,,,,,,,
397,potstickers,https://www.youtube.com/watch?v=Z8xhli297v8,07:12.9,"all right, after five minutes go ahead on an remove, the cover an let this cup about three or four minutes or until all the water has evaporated.",61,1,remove cover until water evaporates,remove,cover,,until water evaporates,,,
398,potstickers,https://www.youtube.com/watch?v=Z8xhli297v8,07:22.7,"now after the water evaporates, if your bottoms had not ground in the beginning you would want to let them cook for one or two minutes without anything in it.",62,1,brown the bottoms of pot stickers,brown,bottom of pot sticker,,,,,
399,potstickers,https://www.youtube.com/watch?v=Z8xhli297v8,07:31.8,so they can brown.,63,0,,,,,,,,
400,potstickers,https://www.youtube.com/watch?v=Z8xhli297v8,07:32.6,"but since minded brown, once this water evaporates, i 'm just going to remove it.",64,0,,,,,,,,
401,potstickers,https://www.youtube.com/watch?v=Z8xhli297v8,07:37.3,so let him cook for about three or four minutes.,65,0,,,,,,,,
402,potstickers,https://www.youtube.com/watch?v=Z8xhli297v8,07:39.1,"until all the water is gone, alright guys, so all my water is evaporated.",66,0,,,,,,,,
403,potstickers,https://www.youtube.com/watch?v=Z8xhli297v8,07:43.6,and i 'm going to pick one up.,67,0,,,,,,,,
404,potstickers,https://www.youtube.com/watch?v=Z8xhli297v8,07:44.4,so you can see the bottom.,68,0,,,,,,,,
405,potstickers,https://www.youtube.com/watch?v=Z8xhli297v8,07:45.9,that 's the bottom.,69,0,,,,,,,,
406,potstickers,https://www.youtube.com/watch?v=Z8xhli297v8,07:46.7,and i 'm going to go down and remove these and put them on a cooling rack.,70,1,put on cooling rack,put,"dumplings, ",cooling rack,,,,
407,potstickers,https://www.youtube.com/watch?v=Z8xhli297v8,07:50.4,is the maps?,71,0,,,,,,,,
408,potstickers,https://www.youtube.com/watch?v=Z8xhli297v8,07:50.9,"i 'll be done after their all, i 'll be back after they are all done.",72,0,,,,,,,,
409,potstickers,https://www.youtube.com/watch?v=Z8xhli297v8,07:53.2,so we 're going to be making the dipping sauce for our wontons.,73,0,,,,,,,,
410,potstickers,https://www.youtube.com/watch?v=Z8xhli297v8,07:56.9,i 've added two tablespoons of water in here.,74,1,add water,add,water,,,,,
411,potstickers,https://www.youtube.com/watch?v=Z8xhli297v8,08:00.9,"so two tablespoons of rice vinegar three tablespoons of low sodium soy sauce, and you do need to use the low sodium.",75,1,add vinegar and soy sauce,add,"vinegar, soy sauce",,,,,
412,potstickers,https://www.youtube.com/watch?v=Z8xhli297v8,08:10.3,"because you want to count your calories as well as your salt intake, you do n't want this to salted and one teaspoon are freshly grated ginger now.",76,1,add ginger,add,ginger,,,,,
413,potstickers,https://www.youtube.com/watch?v=Z8xhli297v8,08:20.8,"the one thing i do with my gender i get mine from the farmers market and get a big piece, and i just immediately throw it into the freezer, you can always peel it, and then throw it into the freezer.",77,0,,,,,,,,
414,potstickers,https://www.youtube.com/watch?v=Z8xhli297v8,08:30.7,but the skin on ginger is.,78,0,,,,,,,,
415,potstickers,https://www.youtube.com/watch?v=Z8xhli297v8,08:32.4,so incredibly thin.,79,0,,,,,,,,
416,potstickers,https://www.youtube.com/watch?v=Z8xhli297v8,08:34.1,really does n't matter by.,80,0,,,,,,,,
417,potstickers,https://www.youtube.com/watch?v=Z8xhli297v8,08:35.4,"just took mine off just now really easy with a paring knife, and this is still frozen.",81,0,,,,,,,,
418,potstickers,https://www.youtube.com/watch?v=Z8xhli297v8,08:39.3,"so one teaspoon fresh ginger, and one fourth of a teaspoon of toasted so familial, mine is just plain sesame E oil.",82,1,add sesame oil,add,sesame oil,,,,,
419,potstickers,https://www.youtube.com/watch?v=Z8xhli297v8,08:50.0,"again guys, i do n't really think you can substitute any of this stuff because it 's not going to have the same flavor.",83,0,,,,,,,,
420,potstickers,https://www.youtube.com/watch?v=Z8xhli297v8,08:57.6,"one eighth to one fourth of a teaspoon of crushed red pepper, depending on how spicy you like it, you can always add more.",84,1,add red pepper,add,red pepper,,,,,
421,potstickers,https://www.youtube.com/watch?v=Z8xhli297v8,09:04.4,"now give this a good whiskey, so, that is combining all the flavors are melting, and give it a taste too.",85,1,Whisk mixture,whisk,mixture,,,,,
422,potstickers,https://www.youtube.com/watch?v=Z8xhli297v8,09:12.4,"because you can see if you need to add more oil to thicken it up, or if you want to even add more seasonings.",86,1,add oil to thicken,add,oil,,,,,
423,potstickers,https://www.youtube.com/watch?v=Z8xhli297v8,09:19.6,"maybe you think, is a little bland, but i 'm going to let 's get up and give it a tank.",87,0,,,,,,,,
424,potstickers,https://www.youtube.com/watch?v=Z8xhli297v8,09:27.8,"this sauce tastes really, really good guys.",88,0,,,,,,,,
425,potstickers,https://www.youtube.com/watch?v=Z8xhli297v8,09:30.2,"you do n't need to add anything else to this, if you like ginger, or you could always add a little bit more ginger.",89,0,,,,,,,,
426,potstickers,https://www.youtube.com/watch?v=Z8xhli297v8,09:38.1,but it really does n't need it this is a really good dipping.,90,0,,,,,,,,
427,potstickers,https://www.youtube.com/watch?v=Z8xhli297v8,09:41.0,"soften , it complements the pot stickers very, very well, because of pot.",91,0,,,,,,,,
428,potstickers,https://www.youtube.com/watch?v=Z8xhli297v8,09:46.8,stickers are not overly season and they 're also tofu.,92,0,,,,,,,,
429,potstickers,https://www.youtube.com/watch?v=Z8xhli297v8,09:50.0,so this takes really good.,93,0,,,,,,,,
430,potstickers,https://www.youtube.com/watch?v=Z8xhli297v8,09:51.3,so i 'll be back with pictures.,94,0,,,,,,,,
431,potstickers,https://www.youtube.com/watch?v=Z8xhli297v8,09:53.3,and i 'll show you my meal.,95,0,,,,,,,,
432,potstickers,https://www.youtube.com/watch?v=H6acK-N2wMs,00:15.4,"this is the quick steam method, so, first of all, you chop up one cup of chinese chives and then you chop up ten to twelve for frans into bite size.",0,1,"chop chives, prawns",chop,"chives, prawns",,,,,
433,potstickers,https://www.youtube.com/watch?v=H6acK-N2wMs,00:29.4,"and then you have one pound of ground pork, then, you add one egg into the ground pork and then you use the chopsticks or fork mix the ingredients.",1,1,"add ground pork, egg, mix","add, mix","pork, egg",,,,,
434,potstickers,https://www.youtube.com/watch?v=H6acK-N2wMs,00:43.4,"well , you have one bank of shanghai, dumpling, wrapper.",2,0,,,,,,,,
435,potstickers,https://www.youtube.com/watch?v=H6acK-N2wMs,00:51.5,these are the rappers that already made into a circle.,3,0,,,,,,,,
436,potstickers,https://www.youtube.com/watch?v=H6acK-N2wMs,00:55.4,"first , what the edges of the rapper you can fold the edge or the crinkle fold or just leave it plain.",4,1,fold wrappers,fold,wrapper,,,,,
437,potstickers,https://www.youtube.com/watch?v=H6acK-N2wMs,01:15.0,then would you put one tablespoon of ingredient into the rapper and then mix here.,5,1,"put stuffing onto wrapper,mix",put,"stuffing, wrapper",,,,,
438,potstickers,https://www.youtube.com/watch?v=H6acK-N2wMs,01:21.5,you seal the edges so the ingredients do n't leak out.,6,1,seal edges,seal,edges,,,,,
439,potstickers,https://www.youtube.com/watch?v=H6acK-N2wMs,01:31.9,"first , you are preheat the pan, and then, you add three to five tablespoons of cooking oil.",7,1,"preheat pan, add oil","preheat, add","pan, oil",,,,,
440,potstickers,https://www.youtube.com/watch?v=H6acK-N2wMs,01:38.7,"then , you add the dumplings onto the pan optic grilling for a few minutes on one side just turned the dumplings effect on the other side.",8,1,"grill  dumplings, flip dumplings","grill, flip",dumplings,,,,,
441,potstickers,https://www.youtube.com/watch?v=H6acK-N2wMs,01:50.7,can you put the three quarters in one cup of water and let it steam covered two more minutes spell steam?,9,1,steam dumplings,steam,dumplings,,,,,
442,potstickers,https://www.youtube.com/watch?v=H6acK-N2wMs,02:03.6,"the dumplings for five to seven minutes just check to make sure they all cooked all the way through, if you have it chinese pot sticker dumplings, quick steam method, and joy, very good.",10,0,,,,,,,,
